[
  {
    "Type": "Scoreboard",
    "X": 5.0,
    "Y": 0.0,
    "Scale": 1.0,
    "HorizontalFacing": "Right",
    "VerticalFacing": "Middle",
    "Text-R": 255,
    "Text-G": 255,
    "Text-B": 255,
    "Background-R": 0,
    "Background-G": 0,
    "Background-B": 0,
    "Background-Alpha": 95,
    "Rect": false,
    "Rect-Color": "Custom",
    "Rect-R": 0,
    "Rect-G": 111,
    "Rect-B": 255,
    "Rect-Alpha": 255,
    "Shadow": false,
    "Font": {
      "fontName": "Minecraft Font",
      "fontSize": -1
    }
  },
  {
    "Type": "Armor",
    "X": -8.0,
    "Y": 57.0,
    "Scale": 1.0,
    "HorizontalFacing": "Middle",
    "VerticalFacing": "Down",
    "Alignment": "Horizontal"
  },
  {
    "Type": "Effects",
    "X": 2.0,
    "Y": 10.0,
    "Scale": 1.0,
    "HorizontalFacing": "Right",
    "VerticalFacing": "Down",
    "Font": {
      "fontName": "Roboto Medium",
      "fontSize": 35
    },
    "Shadow": true
  },
  {
    "Type": "Notifications",
    "X": 0.0,
    "Y": 30.0,
    "Scale": 1.0,
    "HorizontalFacing": "Right",
    "VerticalFacing": "Down"
  },
  {
    "Type": "Text",
    "X": 18.0,
    "Y": 20.0,
    "Scale": 1.0,
    "HorizontalFacing": "Left",
    "VerticalFacing": "Up",
    "Red": 255,
    "Green": 0,
    "Blue": 0,
    "Alpha": 255,
    "Shadow": true,
    "Rect": "NewOneTap",
    "Font": {
      "fontName": "Roboto Medium",
      "fontSize": 35
    }
  },
  {
    "Type": "ModuleInfo",
    "X": 14.0,
    "Y": 56.0,
    "Scale": 1.0,
    "HorizontalFacing": "Left",
    "VerticalFacing": "Up",
    "Red": 255,
    "Green": 0,
    "Blue": 0,
    "Alpha": 255,
    "Font": {
      "fontName": "Minecraft Font",
      "fontSize": -1
    }
  },
  {
    "Type": "Indicators",
    "X": 15.0,
    "Y": 120.0,
    "Scale": 1.0,
    "HorizontalFacing": "Left",
    "VerticalFacing": "Up",
    "Red": 255,
    "Green": 0,
    "Blue": 0,
    "Alpha": 255,
    "Font": {
      "fontName": "Minecraft Font",
      "fontSize": -1
    }
  },
  {
    "Type": "Arraylist",
    "X": 23.0,
    "Y": 17.0,
    "Scale": 1.0,
    "HorizontalFacing": "Right",
    "VerticalFacing": "Up",
    "BRainbowSpeed": 90,
    "BRainbow-Saturation": 1.0,
    "BRainbow-Brightness": 1.0,
    "BRainbow-R": 0,
    "BRainbow-B": 50,
    "BRainbow-G": 50,
    "Rainbow-X": -1000.0,
    "Rainbow-Y": -1000.0,
    "Text-Color": "Mixer",
    "Text-R": 0,
    "Text-G": 111,
    "Text-B": 255,
    "Mixer-Seconds": 3,
    "Mixer-Distance": 20,
    "SpecialRainbowIndex": 521,
    "Rect-Color": "Mixer",
    "Rect-R": 255,
    "Rect-G": 255,
    "Rect-B": 255,
    "Rect-Alpha": 255,
    "Random-Saturation": 0.9,
    "Random-Brightness": 1.0,
    "Tags": true,
    "ShadowText": true,
    "Background-Color": "Custom",
    "Background-R": 0,
    "Background-G": 0,
    "Background-B": 0,
    "Background-Alpha": 69,
    "BackGroundExpand": 0,
    "Rect": "Normal",
    "Space": 0.0,
    "TextHeight": 11.0,
    "TextY": 1.0,
    "TagsArrayColor": false,
    "BoldFont": false,
    "NameBreak": false,
    "Font": {
      "fontName": "Minecraft Font",
      "fontSize": -1
    }
  }
]
